Company,Job Title,,Location,First Stage,Second Stage,Third Stage,Fourth Stage,References Handed,Date Applied,Notes,Updated At,Status
Trade Coffee,Analytics Engineer,,Remote,,,,,,4/9/2021,,,
Rakem,Data Analyst,,Remote,Phone Screen,,,,,4/9/2021,,,
Cielo Talent,Reporting Specialist,,Remote,Phone Screen,,,,,4/7/2021,,,
Crevoso,Business Intelligence Analyst,,Remote,Phone Screen,,,,,4/6/2021,,,
Carvana,"Analyst, Inspection Strategy",,Dallas,Phone Screen,,,,,3/31/2021,,4/9/2021,
Blue Bottle Coffee,Analytics Engineer,,Oakland,,,,,,3/18/2021,,,
Hubspot,Business Systems Analyst,,Remote,Phone Screen,Hiring Manager,,,,3/16/2021,,,
Culture Amp,Data Analyst,,Remote,Phone Screen,Assessment,Hiring Manager,Team Interview,Yes,3/12/2021,,4/9/2021,Offer Extended
Justworks,Business Intelligence Analyst,,New York,Phone Screen,Team Interview + HM,,,,3/12/2021,,,
Vizient,Analyst,,Remote,Phone Screen,Hiring Manager + Team,,,,3/12/2021,,,
Mode Analytics,Data Scientist,,Remote,Phone Screen,,,,,3/11/2021,,,
Evolve Vacation Rental,Business Intelligence Analyst,,Denver,Phone Screen,,,,,3/10/2021,,,
FEVO,Data Analyst,,Remote,,,,,,3/8/2021,,,
Fisher Investments,Business Intelligence and Reporting Specialist,,Plano,,,,,,3/7/2021,,,
PepsiCo,LD&T Analyst,,Plano,Screening,Hiring Manager Interview,,,,3/5/2021,,,
Lonewolf Technologies,Business Analyst,,Dallas,Screening,Hiring Manager Interview,,,,3/3/2021,,,
Stride,Business Intelligence Analyst,,Remote,,,,,,3/3/2021,,,
Lalamove,Data Analyst,,Richardson,Recruiter Screen,Hiring Manager Interview,,,,3/3/2021,,,
Fast Enterprises,Implementation Consultant,,Varies,Recruiter Screen,Hiring Manager Interview,,,,3/3/2021,,,
Yardzen,Growth Analyst,,Remote,Recruiter Screen,Hiring Manager Interview,,,,3/2/2021,,,
Becton Dickinson,Business Analyst,,Remote,,,,,,3/2/2021,,,
Pagerduty,Marketing Analyst,,Remote,Recruiter Screen,Hiring Manager Interview,,,,2/27/2021,,,
Lane,Data Analyst,,Toranto,,,,,,2/19/2021,,,
Lokavant,Data Analyst,,New York City,Recruiter Screen,,,,,2/19/2021,,,
Mr. Cooper,Quantitative Analyst,,Irving,,,,,,2/19/2021,,,
Fanatics,Royalties Analyst,,Norman,,,,,,2/19/2021,,,
Impossible Foods,Data Science Analyst,,San Francisco,Screen,,,,,2/19/2021,,,
State Farm,Digital Analyst,,Richardson,Screen,,,,,2/15/2021,,,
DCTA,Financial Analyst,,Denton,,,,,,2/15/2021,,,
UTSW,Data Analyst - Service Line,,Dallas,,,,,,2/15/2021,,,
OU,Business Intelligence Analyst,,Norman,,,,,,2/15/2021,,,
Premium Retail Goods,Samsung Data Analyst,,Plano,,,,,,2/15/2021,,,
Pendo,Product Analyst,,Remote,,,,,,2/15/2021,,,
Uplight,Associate Data Analyst,,Denver,,,,,,2/15/2021,,,
Mack Weldon,Data Analyst,,New York City,Screen,Tech Assessment,,,,2/15/2021,,,
Digital Ocean,Analytics Engineer,,Remote,,,,,,2/15/2021,,,
Bright Cellars,Data Analyst,,Remote,Phone Screen,,,,,2/15/2021,,,
OneTrust,Marketing Analyst,,Atlanta,,,,,,2/15/2021,,,
MINT Dentistry,Data Reporting Analyst,,Denton,,,,,,2/15/2021,,,
Cottonwood Financial,Cloud Data Engineer,,Irving,Screen,Team Interview,,,,2/15/2021,,,
Jobcase,Peerformance Marketing Analyst,,Cambridge,Screen,Team Interview,,,,2/15/2021,,,
Upwork,TIP: Marketing Analyst,,Remote,Screen,,,,,2/15/2021,,,
SMU,Data Analyst,,Dallas,,,,,,2/15/2021,,,
LovetoKnow Media,Data Analyst,,Remote,,,,,,2/15/2021,,,
Kyruus,Business Intelligence Analyst,,Remore,,,,,,2/14/2021,,,
Doximity,"Data Analyst, Insights",,Remote,,,,,,2/13/2021,,,
ANTENNA,Data Analyst,,New York City,Screen,,,,,2/12/2021,,,
Handshake,Marketing Analytics Associate,,San Francisco,,,,,,2/12/2021,,,
Health IQ,Marketing Performance Analyst,,Remote,Screen,Hiring Manager Interview,,,,2/11/2021,,,
OWID,Data Analyst,,Remote,Assessment,Assessment,,,,2/10/2021,,,
GiveCampus,Product Analyst,,Washington D.C,Screen,,,,,2/10/2021,,,
Fairway Mortgage,IT Help Desk/Support Specialist (Remote),,Carrollton,Screen,,,,,2/8/2021,,,
Texas Capital Bank,Data analyst – Credit Review,,Richardson,,,,,,2/5/2021,,,
Blue Ocean,Junior Data Analyst,,Remote,,,,,,2/5/2021,,,
Jornaya,Product Data Analyst,,Remote,,,,,,2/4/2021,,,
REX,Data Analyst,,Austin,,,,,,2/4/2021,,,
Lemonade,"Data Analyst, Growth",,New York City,,,,,,2/4/2021,,,
TripActions,Operations Analyst,,Dallas,,,,,,2/4/2021,,,
Collage.com,Data Analyst,,Dallas,,,,,,2/4/2021,,,
OSU,Academic Advisor,,Oklahoma City,,,,,,1/31/2021,,,
Zip,Data Analyst,,Remote,,,,,,1/31/2021,,,
Gentem,Operations Analyst,,Remote,Screen,,,,,1/31/2021,,,
hatch IT,Junior Data Analyst,,Washington D.C,,,,,,1/21/2021,,1/31/2021,In Progress
SamCart,Data Analyst,,Austin,,,,,,1/21/2021,,1/31/2021,In Progress
Preset,QA Tester,,San Mateo,Phone Screen,,,,,1/20/2021,,1/31/2021,In Progress
Lambda School,Data Analyst,,Remote,,,,,,1/20/2021,,1/21/2021,In Progress
Dell,Business Intelligence Analyst,,Oklahoma City,,,,,,1/20/2021,,,
Dal-Tile Corporation,Business Intelligence Analyst,,Dallas,,,,,,1/20/2021,,,
Bill.com,Business Intelligence Analyst,,Houston,,,,,,1/20/2021,,,
ATW,Data Analyst,,Richardson,Screen,,,,,1/20/2021,,,
Bread Finance,Data Analyst,,Washington D.C,,,,,,1/19/2021,,,
"Agile Resources, Inc.",Entry Level Data Analyst,,Atlanta,,,,,,1/19/2021,,,
APMEX,Business Intelligence Analyst,,Oklahoma City,,,,,,1/19/2021,,,
Evernote,"Data Analyst, Analytics (Contractor)",,Austin,Screen,Tech Assessment,,,,1/17/2021,,,
Talent Path,Junior Business Data Analyst,,Houston,,,,,,1/16/2021,,,
CarOffer,Data Analyst,,Plano,,,,,,1/15/2021,,,
"Techni-Tool, Inc.",Data Analyst,,Dallas County,,,,,,1/13/2021,,,
Spark Foundry,"Analyst, Media Analytics",,New York,,,,,,1/13/2021,,,
Associa,Data Analyst,,Richardson,,,,,,1/12/2021,,,
Bravely,Data Analyst,,Remote,,,,,,1/11/2021,,,
FLYR Labs,Data Analyst,,San Francisco,,,,,,1/11/2021,,,
Canvas Medical,Data Analyst,,San Francisco,,,,,,1/11/2021,,,
Photomath,Strategy Analyst,,San Francisco,,,,,,1/10/2021,,,
Mosaic North America,Client Business Analyst,,Dallas,,,,,,1/10/2021,,,
Paycom,TSR Reporting Analyst,,Oklahoma City,,,,,,1/10/2021,,,
Tala,Business Intelligence Analyst,,Santa Monica,,,,,,1/8/2021,,,
Tala,Stategy Analyst,,Santa Monica,,,,,,1/8/2021,,,
rewardStyle,Data Analyst,,Dallas,,,,,,1/8/2021,,,
Wheeler Staffing Partners,Data Analyst,,Carrollton,,,,,,1/8/2021,,,
PCI,Business Analyst,,Norman,,,,,,1/7/2021,,,
Tronox,Marketing Analyst,,Oklahoma City,Hiring Manager,Hiring Manager,Hiring Manager,Hiring Manager,,1/7/2021,,,
Sefal Partners,Data Analyst,,Remote,,,,,,1/7/2021,,,
GoHealth,Data Analyst,,Chicago,,,,,,1/7/2021,,,
Interstate Batteries,Business Analyst,,Birmingham,,,,,,1/7/2021,,,
Clutter,Product Analyst,,Los Angeles,,,,,,1/7/2021,,,
USAA,Business Intelligence Analyst II,,San Antonio,,,,,,1/7/2021,,,
TE Connectivity,Data Analyst,,Remote,,,,,,1/7/2021,,,
MalwareBytes,"Data Analyst, Contractor",,Remote,,,,,,1/7/2021,,,
Truebill,Data Quality Analyst,,Washington D.C,,,,,,1/7/2021,,,
Neiman Marcus Group,Conumer Insights Analyst,,Dallas Fort-Worth Metroplex,,,,,,1/7/2021,,,
Vizient,"Analyst, Operations",,Irving,,,,,,12/29/2020,,,
TIME,Data Analyst,,New York,,,,,,12/29/2020,,,
Newfront Insurance,Strategic Data Analyst,,Remote,,,,,,12/28/2020,,,
Harnham,Data Analyst - Fraud,,San Francisco,,,,,,12/28/2020,,,
National Security Agency,Data Scientst,,Washington D.C,,,,,,12/28/2020,,,
Blue Bottle Coffee,Data Analyst,,Oakland,Screen,,,,,12/28/2020,,12/29/2020,In Progress
Fisher Investments,Junior Business Information Analyst,,Plano,Screen,,,,,12/28/2020,,12/29/2020,In Progress
Ravl's Import Warehouse,Assistant Data Warehouse,,Dallas,,,,,,12/28/2020,,12/28/2020,In Progress
Twitch,Product Analyst - Interactive Studio,,San Francisco,,,,,,12/28/2020,,12/28/2020,In Progress
Chewy,Category Analyst,,Dania Beach,,,,,,12/28/2020,,12/28/2020,In Progress
Getty Images,Workforce Business Analyst,,New York City,,,,,,12/28/2020,,12/28/2020,In Progress
Udemy,Marketing Business Analytics Analyst,,San Francisco,Screen,,,,,12/24/2020,,12/28/2020,In Progress
Affirm,"Analyst, Business Intelligence",,Remote,,,,,,12/22/2020,,12/28/2020,In Progress
Teachable,"Operations Analyst, Business Operations",,New York,,,,,,12/20/2020,,12/28/2020,In Progress
Newfront Insurance,Data Analyst,,Remote,,,,,,12/19/2020,,12/28/2020,In Progress
Insurity,Business Analyst,,Irving,,,,,,12/19/2020,Referred by Vince,12/22/2020,In Progress
Spark Foundry,"Analyst, Analytics",,New York,,,,,,12/19/2020,,12/20/2020,In Progress
Sendoso,Data Analyst,,San Francisco,,,,,,12/19/2020,,12/19/2020,In Progress
Pizza Hut,Business Analyst,,Plano,,,,,,12/19/2020,,12/19/2020,In Progress
HelloFresh,Data Analyst,,New Jersey,,,,,,12/19/2020,,12/19/2020,In Progress
Sefal Partners,Data Analyst,,Remote,,,,,,12/19/2020,,12/19/2020,In Progress
Parkhub,Jr. Data Analyst,,Dallas,,,,,,12/19/2020,,12/19/2020,In Progress
Crane Worldwide Logistics,Staff Data Engineer,,Houston,,,,,,12/19/2020,,12/19/2020,In Progress
Juniper Square,Reporting Analyst,,Austin,,,,,,12/19/2020,,12/21/2020,Rejected
Fivetran,Data Analyst II,,Oakland,,,,,,12/19/2020,,12/19/2020,In Progress
Quartet Health,Data Analyst,,Remote,,,,,,12/19/2020,,12/19/2020,In Progress
Cloudflare,Data Analyst,,Austin,,,,,,12/18/2020,,12/19/2020,In Progress
A Cloud Guru,Data Steward,,Austin,Recruiter Screen,,,,,12/18/2020,,12/23/2020,In Progress
JetBlue,Data Scientist,,New York City,,,,,,12/18/2020,,12/18/2020,In Progress
OU ,BI Analyst,,Oklahoma City,,,,,,12/18/2020,,12/18/2020,In Progress
Associa,Data Analyst,,Richardson,,,,,,12/18/2020,,12/18/2020,In Progress
Uplight,Associate Data Engineer,,Remote,,,,,,12/14/2020,,12/18/2020,In Progress
Hotel Engine,Data Analyst,,Denver,,,,,,12/14/2020,,12/14/2020,In Progress
Dutchie,Data Analyst,,Remote,,,,,,12/14/2020,,12/15/2020,Rejected
Bookbyte,Business Intelligence Engineer,,Remote,,,,,,12/14/2020,,12/14/2020,In Progress
Hims & Hers,Data Analyst,,Remote,,,,,,12/14/2020,,12/14/2020,In Progress
Parachute,Growth Data Analyst,,Los Angeles,Recruiter Screen,Recruiter Screen,,,,12/14/2020,,12/18/2020,Rejected
Favor,"Merchant Insights Analyst, Business Analytics",,Austin,,,,,,12/10/2020,,12/14/2020,In Progress
Inspire,Analytics Engineer,,Santa Monica,Screen,Tech Assessment,Team Interview,Exec Interview,,12/10/2020,,12/10/2020,In Progress
Inspire,"Analyst, Analytics",,Santa Monica,,,,,,12/10/2020,,12/17/2020,Rejected
HEB,Data Scientist I,,San Antonio,,,,,,12/10/2020,,12/10/2020,In Progress
Pingboard,Customer Support Advocate,,Austin,,,,,,12/10/2020,,12/10/2020,In Progress
Thumbtack,Business Analyst,,Remote until July 2021 / SF,,,,,,12/9/2020,,12/10/2020,In Progress
Chipper Cash,"Data Analyst, Intelligence",,Remote,,,,,,12/9/2020,,12/9/2020,In Progress
Career Karma,Data Analyst,,Remote,,,,,,12/9/2020,,12/9/2020,In Progress
Oklahoma City University,Business Intelligence and Reporting Analyst,,Oklahoma City,,,,,,12/9/2020,,12/9/2020,In Progress
Peloton Interactive,"Data Analyst, Member Support Analytics",,Remote,,,,,,12/7/2020,,12/9/2020,In Progress
University of Texas at Arlington,Business Analytics Analyst,,Arlington,,,,,,12/7/2020,,12/7/2020,In Progress
Torchy's Tacos,Front of House Team Member,,Highland Village,,,,,,12/7/2020,,12/7/2020,In Progress
Twitter,Data Analyst - Revenue Intelligence,,San Francisco,,,,,,12/7/2020,,12/7/2020,In Progress
Nomi Health,Data Analyst,,Addison,,,,,,12/7/2020,,12/7/2020,In Progress
Cerebral,Data Analyst,,Remote,Recruiter Screen,,,,,12/6/2020,Sent message to hiring manager,12/18/2020,In Progress
Buxton Co,Data Analyst,,Fort Worth,On-Demand Interview,Initial Review + Tech Assessment,,,,12/5/2020,,12/6/2020,In Progress
Charles Schwab,Client Banking Services Professional,,Westlake,Recruiter Screen,,,,,12/4/2020,Referred by Chris,12/28/2020,In Progress
Dell,"Senior Customer Support Agent, Technical Services",,Remote - Oklahoma,,,,,,12/3/2020,,12/4/2020,In Progress
University of North Texas,Associate Academic Advisor,,Denton,,,,,,12/3/2020,,12/3/2020,In Progress
Conde Nast,Data Scientist I,https://condenast.wd5.myworkdayjobs.com/en-US/CondeCareers/job/1-World-Trade-Center-New-York-NY/Data-Scientist-I_R-04338,New York City,,,,,,12/3/2020,,12/3/2020,In Progress
Qualtrics,IT Analyst,,Dallas,,,,,,12/2/2020,Referred by Wes,12/3/2020,In Progress
HCSC,Informatics Consultant,https://hcscrccorp.peoplefluent.com/res_viewjob.html?optlink-view=view-76228&ERFormID=res_newjoblist&ERFormCode=any,Richardson,,,,,,12/1/2020,Referred by Leigh,12/28/2020,Rejected
Keyhole,Product Data Analyst,,Remote,,,,,,12/1/2020,,12/1/2020,In Progress
Hopper,Data Analyst,,Boston / New York,,,,,,12/1/2020,,12/1/2020,In Progress
USAA,Business Intelligence Analyst,,San Antonio / Remote,,,,,,12/1/2020,Referred by Lisa,12/4/2020,Rejected
Duetto,Data Analyst,,Remote,,,,,,12/1/2020,,12/1/2020,In Progress
Phosphorus,Data Entry Specialist,,Remote,,,,,,12/1/2020,,12/1/2020,In Progress
Victory,Data Analyst,,Remote,,,,,,12/1/2020,,12/1/2020,In Progress
Boss Flight Entertainment,Data Analyst,,Austin,,,,,,12/1/2020,,12/1/2020,In Progress
Torchy's Tacos,FP&A Analyst,,Austin,,,,,,12/1/2020,,12/1/2020,In Progress
PepsiCo,Shopper Insights Analyst,,Plano,,,,,,12/1/2020,Referred by Chris,12/1/2020,In Progress
Digit,Product Analyst,,San Francisco,,,,,,12/1/2020,,12/15/2020,Rejected
Updater,Data Analyst,,Remote,Recruiter Screen,Initial Review,,,,11/26/2020,Locally Optimistic,12/28/2020,Rejected
Everlywell,Data Analyst,,Austin,,,,,,11/25/2020,,12/1/2020,Rejected
The Trevor Project,Data Analyst,,Remote,,,,,,11/24/2020,,11/25/2020,In Progress
MalwareBytes,Data Analyst - Contractor,,Remote,,,,,,11/24/2020,,11/30/2020,Rejected
Netlify,Senior Data Analyst,,Remote,,,,,,11/24/2020,Locally Optimistic,12/4/2020,Rejected
Ever Commerce,Data Analyst,,Irving,,,,,,11/18/2020,,11/24/2020,
Atom Finance,Data Analyst,,Remote,,,,,,11/17/2020,,11/30/2020,Rejected
Summersalt,Data Analyst,,Remote,,,,,,11/10/2020,,11/17/2020,Rejected
Black Box Intelligence,Data Operations Analst,,Remote,,,,,,11/6/2020,,11/24/2020,Rejected
Effective Spend,Digital Marketing Data Analyst,,Austin,Screen,Call with Hiring Manager,Team Presentation,,,11/5/2020,Made it to the final round,12/11/2020,Rejected
Politico,Audience Insights and Development Analyst,,Arlington,,,,,,11/5/2020,,11/5/2020,
Broadlume,Business Intelligence Analyst,,Remote,,,,,,11/5/2020,,11/5/2020,
OwnUp,Data Analyst,,Remote,,,,,,11/2/2020,,11/5/2020,
Drizly,"BI Analyst, Strategic Partnerships",,Austin,Recruiter Screen,Initial Review,,,,11/2/2020,,11/5/2020,
DataDog,Data Analyst - Internal Analytics Platform,,New York City,,,,,,10/30/2020,,11/2/2020,
JW Player,Product Analyst,,New York City,,,,,,10/30/2020,Locally Optimistic,10/30/2020,
Lockheed Martin,Data Analytics & Development - SQL Server,,Fort Worth,,,,,,10/30/2020,ChiptonRoss,10/30/2020,
CapitalOne,Sr Data Analyst,,Richmond,,,,,,10/29/2020,ICOMMA,10/30/2020,
GAINSCO,Digital Transformation and Data Analyst (Claims),,Dallas,,,,,,10/28/2020,,10/29/2020,
Toyota,Performance Insights Data Analyst,,Plano,,,,,,10/28/2020,,10/28/2020,Rejected
Valukoda,Product Analyst,,Plano,,,,,,10/28/2020,,10/28/2020,
DSI Systems,Data Analyst,,Richardson,,,,,,10/28/2020,,10/28/2020,
Signify Health,Data Analyst,,Dallas,,,,,,10/28/2020,,10/28/2020,
Crescent Bank & Trust,SQL Data Analyst,,Carrollton,,,,,,10/28/2020,,10/28/2020,
Kibo Commerce,Operations Analyst,,Dallas,,,,,,10/28/2020,,10/28/2020,
Home Point Financial,Data Analyst,,Remote,Recruiter Screen,Call with Hiring Manager,Call with another employee,Dept Head + HM,,10/28/2020,Final Round,11/17/2020,In Progress
City of Dallas,Data Coordinator,,Dallas,Panel Interview,,,,,10/27/2020,,11/11/2020,In Progress
Javelin Agency,Marketing Data Analyst,,Dallas,,,,,,10/27/2020,,10/27/2020,
Social Solutions,Data Analyst,,Austin,,,,,,10/27/2020,,11/5/2020,Rejected
MINT Dentistry,Jr. Data Reporting Analyst,,Dallas,,,,,,10/26/2020,,10/26/2020,Rejected
Splunk,Data Analyst - Global Business Operations,,San Francisco,,,,,,10/23/2020,,10/27/2020,
Webrlow,Data Analyst,,Remote,Recruiter Screen,,,,,10/14/2020,,11/6/2020,Rejected
TWC,Data Analyst I,,Remote,,,,,,9/18/2020,,,
Balena,Product Data Analyst (Growth),,Remote,Hiring Manager Call,,,,,9/18/2020,,10/9/2020,Rejected
Shift,Data Scientist,,San Francisco,,,,,,9/18/2020,,,
WebTPA,Data Analyst,,Irving,,,,,,9/17/2020,,,
Moment,Data Analyst,,Remote,Call with Hiring Manager,,,,,9/17/2020,AngelList,,Rejected
LMB Associates,Business Data Analyst,,DFW Metroplex,,,,,,9/15/2020,"LinkedIn, Agency",9/24/2020,Rejected
Pingboard,Data Analyst,,Austin,Call with Hiring Manager,Call with CEO,Tech Assessment,Panel Interview,Yes,9/15/2020,,10/27/2020,Rejected
Mammoth Growth,Marketing Data Analyst,,Remote,Call with CEO,,,,,9/14/2020,,09/25/2020,Rejected
Starry,Data Analyst,,Remote,Recruiter Screen,Call with Hiring Manager,,,,9/14/2020,,10/12/2020,Rejected
Figma,Data Scientst - Marketing,,Remote,,,,,,9/14/2020,,,Rejected
Figma,Data Scientst,,Remote,,,,,,9/14/2020,,,Rejected
RealPage,Data Analyst,,Richardson,,,,,,9/10/2020,,,
Preset,Senior Marketing Manager,,San Mateo,Recruiter Screen,,,,,9/7/2020,,9/24/2020,Rejected
Zaper,Senior Decision Scientist - Operations,,Remote,,,,,,9/3/2020,,9/14/2020,Rejected
Mint Dentistry,Data Reporting Analyst,,Dallas,,,,,,9/3/2020,,,Rejected
Sonder,Revenue Management Analyst,,Remote,,,,,,9/3/2020,,,Rejected
Sonder,Performance Management Analyst,,Remote,,,,,,9/3/2020,,,Rejected
The Athletic Media,Product Analyst,,Remote,,,,,,8/27/2020,,,Rejected
Lilt,Data Analyst,,Indiana,Homework,HM Interview,Interview with one stakeholder,Interview with Director,,8/27/2020,,10/12/2020,Rejected
Digital Ocean,Product Analyst,,Remote,,,,,,8/27/2020,,9/29/2020,Rejected
Drizly,Product Data Analyst,,Remote,,,,,,8/27/2020,,08/27/2020,
Facebook,Data Quality Analyst,,Austin,,,,,,8/27/2020,,08/27/2020,
Chegg,Product Analyst (3 - 6 month contract),,Remote,,,,,,8/24/2020,,08/27/2020,
Microsoft,Content Developer -- Data & AI,,Redmond,,,,,,8/20/2020,,,
Unity Technologies,Business Intelligence Analyst,,San Francisco,,,,,,8/20/2020,,10/12/2020,Rejected
Smalls,Data Analyst,,Remote,Resume Screen,,,,,8/20/2020,AngelList,09/17/2020,Rejected
Doximity,"Data Analyst, Insights",,Remote,Recruiter Screen,Hiring Manager Interview,Tech Assessment,,,8/20/2020,,,Rejected
DISD,"Analyst I, Data",,Dallas,,,,,,8/20/2020,,9/9/2020,Rejected
Blucora,Business Intelligence Analyst,,Irving,,,,,,8/20/2020,,,
At Home,Data Analyst,,Plano,,,,,,8/19/2020,,08/20/2020,
RealPage,Sales Operations Analyst,,Richardson,Recruiter Screen,,,,,8/19/2020,,08/31/2020,Rejected
Yelp,Data Analyst (Remote),,Remote,,,,,,8/18/2020,,,
American Airlines,"Senior Analyst (Data Science), Customer Insights and Analysis",,Ft Worth,,,,,,8/18/2020,,9/27/2020,Rejected
Mr. Cooper,Data Analyst/Dialer Administrator,,Lewisville,Recruiter Reachout,Call with Hiring Manager,,,,8/18/2020,,09/03/2020,Rejected
Goldman Sachs,Analytics & Reporting,,Dallas,,,,,,8/14/2020,,,
GoHealth,Data Analyst,,Chicago,,,,,,8/12/2020,,08/17/2020,
BrainPop,Data Analyst,,New York City,,,,,,8/12/2020,,,
Amazon,Business Analyst,,Seattle,,,,,,8/12/2020,,,
PMG,People Operations Coordinator,,Ft. Worth,,,,,,8/12/2020,,,
RealPage,Data Qualitty Business Analyst,,Richardson,,,,,,8/12/2020,,08/12/2020,
Duolingo,Business Intelligence Analyst,,Pittsburgh,,,,,,8/12/2020,,09/21/2020,
BlackBaud,Data Analyst,,Austin,,,,,,8/12/2020,,,
Pathrise,Associate Marketing Analyst,,Remote,,,,,,8/11/2020,,,
McAfee,Business Data Analyst,,Plano,,,,,,8/8/2020,,,
Mr. Cooper,Talent Acquisition Data Analyst,,Irving,Recruiter Screen,,,,,8/6/2020,,08/18/2020,
Teacher Pay Teachers,Business Analyst,,Remote,,,,,,8/5/2020,,08/12/2020,
Drizly,Data Scientist,,Remote,,,,,,8/5/2020,,,
Michaels,Data Science Analyst,,Dallas,,,,,,8/5/2020,,,
Uplight,Associate Data Analyst,,Remote,,,,,,8/2/2020,,10/12/2020,Rejected
Verizon,Data Analyst,,Irving,,,,,,7/30/2020,,,Rejected
LegalSheild,Data Analyst,,Remote,Recruiter Screen,,,,,7/24/2020,,,
Cottonwood Financial,Data Scientist - Credit Risk,,Irving,,,,,,7/22/2020,,,Rejected
Imperfect Foods,Data Analyst,,San Francisco,,,,,,7/17/2020,,09/21/2020,Rejected
RealPage,Marketing Planning & Performance Analyst,,Richardson,,,,,,7/16/2020,,07/28/2020,Rejected
Nerdwallet,Data Analyst (Marketing),,Remote,,,,,,7/16/2020,,07/17/2020,Rejected
Evernote,"Data Scientist, Analytics",,Remote,,,,,,7/16/2020,,,Rejected
Qlarant,Data Analyst - Healthcare Fraud,,Dallas,,,,,,7/16/2020,,,Rejected
Nerdwallet,Mobile Product Analyst,,Remote,,,,,,7/13/2020,,7/22/2020,Rejected
Biden for President,Fundraising Associate Analyst,,Remote,,,,,,7/12/2020,,,Rejected
Typeform,,,Remote,,,,,,7/10/2020,,,Rejected
RealPage,Data Analyst - Contract Renewals,,Richardson,Recruiter Screen,Hiring Manager Interview,,,,7/10/2020,,08/03/2020,Rejected
ADT Careers,NA Data Reporting Analyst,,Irving,,,,,,7/9/2020,,07/13/2020,
Alight,Digital – Hyper-personalization Tableau Developer,,Remote,,,,,,7/9/2020,,,Rejected
7-Eleven,Fuel Pricing Analyst,,Irving,Recruiter Screen,,,,,7/2/2020,,,Rejected
Braintree,Data Analyst,,Chicago,,,,,,6/26/2020,,,Rejected
Mary Kay,Analyst Inventory Control I Analytics,,Lewisville,,,,,,6/26/2020,,07/30/2020,Rejected
Charles Schwab,Junior Data Scientist,,Westlake,,,,,,6/23/2020,,,
PopSocket,Business Intelligence Analyst,,Boulder,,,,,,6/22/2020,,07/16/2020,Rejected
Signify Health,Senior Data Analyst,,Dallas,,,,,,6/20/2020,,,Rejected
Lockheed Martin,Performance Data Analyst Associate,,Ft. Worth,,,,,,6/20/2020,,07/17/2020,Rejected
Brinks Home Security,Revenue Analyst,,Carollton,,,,,,6/17/2020,,07/23/2020,Rejected
iRobot,Data Scientist,,Boston,,,,,,6/17/2020,,06/25/2020,Rejected
Dallas County,Data Analyst,,Dallas,,,,,,6/17/2020,,,Rejected
Frontier,"Analyst, Marketing",,Irving,,,,,,6/12/2020,,7/22/2020,Rejected
Two Sigma,Data Analyst,,Houston,Recruiter Screen,,,,,6/10/2020,,,Rejected
Kraken,Data Analyst,,Remote,,,,,,6/10/2020,,,Rejected
Mosaic Sales Solutio,Data Analyst,,Irving,Recruiter Screen,,,,,6/9/2020,,06/18/2020,Rejected
Kibo,Sales Operations Analyst,,Dallas,,,,,,6/5/2020,,06/11/2020,Rejected
Sally Beauty,CRM Analyst,,Denton,Recruiter Screen,Interview  with Hiring Manager,Interview with Director,,,6/5/2020,,,Rejected
Evolve Vacation Rental,Business Intelligence Analyst,,Denver,,,,,,6/4/2020,,06/16/20,Rejected
Premium Retail,Samsung Junior Data Analyst,,Plano,,,,,,6/4/2020,,,Rejected
Digital Data Analyst,Cayuse Holdings,,Plano,,,,,,6/4/2020,,06/18/2020,Rejected
UNT System,Business Intelligence Analyst,,Denton,,,,,,6/3/2020,,08/04/2020,Rejected
Santander Consumer USA,"Associate, Risk Analytics",,Dallas,,,,,,6/3/2020,,06/16/2020,Rejected
Effective Spend,Digital Marketing Specialist,,Austin,,,,,,6/2/2020,,06/23/2020,Rejected
Cottonwood Financial,Data Scientst,,Irving,,,,,,6/2/2020,,,Rejected
Michaels,Data Science Analyst,,Irving,,,,,,6/1/2020,,,Rejected
SumUp,,,Remote,,,,,,5/29/2020,,06/09/2020,
Upstart,Data Scientist (Analytics),,Remote,,,,,,5/28/2020,,06/26/2020,Rejected
Pieces Technologies,Data Analyst,,Dallas,,,,,,5/27/2020,,,Rejected
Kapsch,"Database Developer, Java",,Austin,Recruiter Screen,,,,,5/27/2020,,05/29/2020,Rejected
Match,Data Analyst (Product Analytics),,Remote,,,,,,5/27/2020,,,Rejected
DealerSocket,HRIS Analyst,,Irving,,,,,,5/26/2020,,06/22/2020,Rejected
Q2E,Data Migration Analyst,,Austin,,,,,,5/26/2020,,,Rejected
Kasasa,"Data Analyst, Revenue Operations",,Austin,,,,,,5/26/2020,,,Rejected
Commscope,Sales Analyst,,Richardson,,,,,,5/26/2020,,06/11/2020,Rejected
Rocket.Chat,Data Analyst,,Remote,,,,,,5/25/2020,,,Rejected
Apptricity Corporation,Data Integration Analyst,,Irving,,,,,,5/25/2020,,05/29/2020,Rejected
Boss Flight Entertainment,Data Analyst,,Austin,,,,,,5/25/2020,,,Rejected
Lending Tree (Quotient),SEO Analyst,,Seattle,,,,,,5/25/2020,,,Rejected
Tubular Labs,Analyst - Social Video,,Los Angeles,Hiring Manager Interview,,,,,5/23/2020,,06/08/2020,Rejected
Reliant Technology,,,Dallas,,,,,,5/23/2020,,,Rejected
Fishtown Analytics,Analytics Engineer,,Remote,,,,,,5/22/2020,,06/01/2020,Rejected
Cornershop,Data Analyst,,Dallas,,,,,,5/22/2020,,,Rejected
CarOffer,Financial Data Analyst,,Plano,,,,,,5/21/2020,,,Rejected
Teachable,Risk Analyst,,Raleigh,,,,,,5/21/2020,,,Rejected
KeepTruckin,Data Analyst,,San Francisco,,,,,,5/11/2020,,06/04/2020,Rejected
Abeo Management,Data Analyst,,Dallas,,,,,,5/11/2020,,,Rejected
PepsiCo,LD&T Analyst,,Plano,,,,,,5/11/2020,,,Rejected
Match,Data Analyst (Product Analytics),,Dallas,,,,,,5/11/2020,,05/12/2020,Rejected
Berry Appleman & Leiden,Reporting Analyst II,,Richardson,,,,,,5/7/2020,,,Rejected
Behavioral Health,Revenue Data Analyst,,Dallas,,,,,,5/6/2020,,,Rejected
Assembly,,,New York City,,,,,,5/6/2020,,,Rejected
Sondermind,Data Analyst,,Denver,,,,,,5/5/2020,,,Rejected
Convercent,,,Denver,,,,,,5/5/2020,,05/05/2020,Rejected
AMP Robotics,Business Intelligence Analyst,,Denver,,,,,,5/5/2020,,,Rejected
Advancial Federal Credit Union,Marketing Data Analyst,,Dallas,Hiring Manager Interview,,,,,5/5/2020,,05/15/2020,Rejected
Koddi,Digital Marketing Analyst,,Fort Worth,,,,,,5/5/2020,,,Rejected
Nerdwallet,Data Analyst (Product),,San Francisco,,,,,,5/5/2020,,05/14/2020,Rejected
Vertebrae,Data & Analytics,,Austin,,,,,,5/4/2020,,,Rejected
Doximity,Data Analyst,,Remote,Recruiter Screen,Assessment ,,,,5/4/2020,,06/11/2020,Rejected
Saturn Cloud,Junior Data Scientist,,New York,,,,,,5/1/2020,,,
Archibus-Serraview,,,Remote,,,,,,4/26/2020,,05/05/2020,Rejected
TJ Inspections,Data Analyst,,Richardson,Recruiter Screen,Hiring Manager Interview,,,,4/23/2020,,05/05/2020,Rejected
Crunchbase,Data Scientist,,San Francisco,,,,,,4/23/2020,,06/24/2020,Rejected
Twitch,,,San Francisco,,,,,,4/23/2020,,,Rejected
Fidelity,Investment Data Analyst,,Westlake,,,,,,4/23/2020,,6/11/2020,Rejected
MediaMath,Data Analyst,,San Francisco,,,,,,4/23/2020,,,Rejected
Blend,Product Analyst,,San Francisco,,,,,,4/20/2020,,5/21/2020,Rejected
Crisp,Data Scientist,,Remote,,,,,,4/20/2020,,,Rejected
Pathrise,Associate Marketing Analyst,,Remote,,,,,,4/20/2020,,,Rejected
Bitcon,Market Intelligence Analyst,,Remote,,,,,,4/18/2020,,05/07/2020,Rejected
Imaginuity,Marketing Insights Analyst,,Dallas,,,,,,4/18/2020,,,Rejected
CicleCI,Data Analyst for Core Product,,Remote,Recruiter Screen,,,,,4/17/2020,,05/06/2020,Rejected
Energy GPS,Data Analyst,,Denver,,,,,,4/17/2020,ZipRecruiter,,Rejected
Health IQ,Business Intelligence Analyst,,Mountain View,,,,,,4/15/2020,LinkedIn,,Rejected
Zenimax Media,Data Analyst,,Dallas,,,,,,4/15/2020,,,Rejected
RxRevu,Data Analyst,,Denver,,,,,,4/15/2020,,,Rejected
JumpCloud,Data Analyst,,Remote,,,,,,4/15/2020,,,Rejected
Federal Reserve Bank of Dallas,Business Operations Analyst II,,Dallas,,,,,,4/15/2020,,,Rejected
Financial Additions,Data Analyst,,Dallas,,,,,,4/15/2020,,,Rejected
RealPage,Business Analyst,,Richardson,,,,,,4/13/2020,,,Rejected
Rabbu,Data & Ops Analyst,,Remote,,,,,,4/3/2020,AngelList,04/26/2020,Rejected
GAINSCO,Claims Data Analyst,,Dallas,Recruiter Screen,Hiring Manager Interview,,,,4/3/2020,,,Rejected
Santander Consumer USA,Compliance Data Analyst II,,Dallas,,,,,,4/3/2020,,,Rejected
PeopleFun,Game Data Analyst,,Richardson,,,,,,4/2/2020,,,Rejected
Loom,Product Data Science,,Remote,,,,,,3/30/2020,,06/04/2020,Rejected
CircleCI,Data Analyst for Product Growth,,Remote,,,,,,3/30/2020,,,Rejected
The Richards Group,Intelligence Data Analyst,,Dallas,,,,,,3/28/2020,,,Rejected
Bluecore,Data Insights Analyst,,New York City,,,,,,3/28/2020,,04/24/2020,Rejected
Intricately,Business Data Analyst,,Remote,,,,,,3/23/2020,,,Rejected
UT Southwestern,"Population Science Data Analyst I, II, III",,Dallas,,,,,,3/23/2020,,,Rejected